{
    "MAE": 0.03785,
    "RMSE": 0.04752
}