{
    "MAE": 0.03809,
    "RMSE": 0.04882
}