{
    "MAE": 0.04528,
    "RMSE": 0.05416
}
